_id,email,role,q1,q2,q3,q4,q5,q6,comments,created_at,createdAt,updatedAt,__v,flag,start_period,end_period
660d53d4978884aea28f136b,abhishekkumar.student1@gmail.com,intern,1,1,1,1,1,1,qw,2024-04-03 13:04:20.793,2024-04-03 13:04:20.802,2024-04-03 13:04:20.802,0,,,
660d53e0978884aea28f136d,abhishekkumar.student1@gmail.com,intern,1,1,1,1,1,1,qw,2024-04-03 13:04:32.673,2024-04-03 13:04:32.674,2024-04-03 13:04:32.674,0,,,
660e68c265131cd58d2713cb,abhishekkumar.student1@gmail.com,intern,1,1,1,1,1,1,qfref,2024-04-04 08:45:54.950,2024-04-04 08:45:54.952,2024-04-04 08:45:54.952,0,False,,
660e9a4c9ca97d1c3caf9bff,abhishekkumar.student1@gmail.com,intern,1,1,1,1,1,1,rt,2024-04-04 12:17:16.508,2024-04-04 12:17:16.510,2024-04-04 12:17:16.510,0,False,,
660e9a709ca97d1c3caf9c0b,abhishekkumar.student1@gmail.com,intern,1,1,1,1,1,1,4,2024-04-04 12:17:52.208,2024-04-04 12:17:52.209,2024-04-04 12:17:52.209,0,False,,
660f8670397d15d2028b1898,abhishekkumar.student1@gmail.com,intern,1,1,1,1,1,1,yu,2024-04-05 05:04:48.041,2024-04-05 05:04:48.051,2024-04-05 05:04:48.051,0,False,,
660f867d397d15d2028b189a,abhishekkumar.student1@gmail.com,intern,1,1,1,1,1,1,yu,2024-04-05 05:05:01.286,2024-04-05 05:05:01.287,2024-04-05 05:05:01.287,0,False,,
661393624f4fd17f34966134,abhishekkumar.student1@gmail.com,intern,5,5,5,5,5,1,nice,2024-04-08 06:49:06.042,2024-04-08 06:49:06.058,2024-04-08 06:49:06.058,0,False,,
661394254f4fd17f34966136,abhishekkumar.student1@gmail.com,intern,5,5,5,5,5,1,nice,2024-04-08 06:52:21.525,2024-04-08 06:52:21.528,2024-04-08 06:52:21.528,0,False,,
661398a9aac9f6f2ee080651,abhishekkumar.student1@gmail.com,intern,1,4,3,1,1,1,44,2024-04-08 07:11:37.133,2024-04-08 07:11:37.144,2024-04-08 07:11:37.144,0,False,2024-01-07,
6613990282704f25ebfe27cb,abhishekkumar.student1@gmail.com,intern,1,4,3,1,1,1,441111,2024-04-08 07:13:06.460,2024-04-08 07:13:06.470,2024-04-08 07:13:06.470,0,False,2024-01-07,
6613995182704f25ebfe27cd,abhishekkumar.student1@gmail.com,intern,1,4,3,1,1,1,4411114513215613261182021,2024-04-08 07:14:25.561,2024-04-08 07:14:25.564,2024-04-08 07:14:25.564,0,False,2024-01-01,2024-01-07
6613ba0df4a36a442dfcf993,abhishekkumar.student1@gmail.com,intern,1,1,1,5,5,1,data change,2024-04-08 09:34:05.921,2024-04-08 09:34:05.924,2024-04-08 09:34:05.924,0,False,2024-02-26,2024-03-03
6613bc60033c267311067bcf,abhishekkumar.student1@gmail.com,intern,1,1,1,1,1,1,r,2024-04-08 09:44:00.686,2024-04-08 09:44:00.688,2024-04-08 09:44:00.688,0,False,2024-03-04,2024-03-10
6613bcfca649ca7710703a40,abhishekkumar.student1@gmail.com,intern,1,1,1,1,1,1,-0,2024-04-08 09:46:36.839,2024-04-08 09:46:36.850,2024-04-08 09:46:36.850,0,False,2023-12-25,2023-12-31
6613c64f05c17627dc34b991,abhishekkumar.student1@gmail.com,intern,1,1,1,1,1,1,fdh,2024-04-08 10:26:23.429,2024-04-08 10:26:23.438,2024-04-08 10:26:23.438,0,False,2024-01-08,2024-01-14
