_id,projectName,projectId,category,startDate,endDate
661638acb9a42e76f265f692,Davis-Watts,00dab6e1-ba5e-46bf-a6f3-55b249545b38,Data Science,2024-01-21,2024-08-07
661638acb9a42e76f265f693,"Mitchell, Hopkins and Houston",1d76fecc-4242-4e07-917d-6280ed128166,Web Development,2024-01-27,2024-08-03
661638acb9a42e76f265f694,"Leblanc, Potter and Johnson",dfe5e981-f50a-4690-a85d-5eb9a426b0bd,AI/ML,2024-02-19,2024-06-19
661638acb9a42e76f265f695,"Dorsey, Smith and Ramos",26e4e937-f5f1-4993-8e47-89a267371d49,AI/ML,2024-01-16,2024-07-02
661638acb9a42e76f265f696,"Bowen, Allen and Wilson",183d7c9d-e147-4a09-9b99-72f3e85d2c9a,Data Science,2024-01-19,2024-07-18
661638acb9a42e76f265f697,Morris PLC,c232c457-04b1-4661-88ee-a9698c26d482,Web Development,2024-02-08,2024-06-10
661638acb9a42e76f265f698,Hurst-Collier,fc027895-0ee0-44d9-b311-362acfd14e04,Data Science,2024-03-07,2024-06-20
661638acb9a42e76f265f699,"Gentry, Weber and Castillo",0ae7e0bd-e26c-4666-9c2f-6cb7c6594422,Mobile App,2024-03-02,2024-07-19
661638acb9a42e76f265f69a,Watkins LLC,5e317d43-ed97-4384-a3b5-34f576f732c5,Mobile App,2024-02-29,2024-07-14
661638acb9a42e76f265f69b,"Parker, Perez and Jenkins",b516bbfc-f6e1-478e-8e22-9a08936efca6,Data Science,2024-02-25,2024-07-07
661638acb9a42e76f265f69c,Black LLC,16b5216b-2e7e-4469-bb91-290852911450,AI/ML,2024-02-24,2024-07-02
661638acb9a42e76f265f69d,"Miller, Montoya and Rogers",44a37945-a74b-4843-a1cd-199575e26262,AI/ML,2024-02-22,2024-06-15
661638acb9a42e76f265f69e,Fleming PLC,09e7e177-acef-48a6-9c1e-4cd8d68dc403,Web Development,2024-03-02,2024-07-28
661638acb9a42e76f265f69f,"Thomas, Clark and Schmidt",2cb57cf8-602e-4895-8210-907ed3867755,Data Science,2024-01-24,2024-07-20
661638acb9a42e76f265f6a0,"Graves, Webb and Galloway",2968c2b3-2e30-448c-b209-668f85e9d0ec,Web Development,2024-02-13,2024-07-14
661638acb9a42e76f265f6a1,Chen-Graham,9f24bf6f-32a5-4be3-81ff-6b9833edf0b2,Data Science,2024-02-04,2024-07-19
661638acb9a42e76f265f6a2,"Marquez, Gay and Williams",b49c3ba3-b44d-4dd5-a16e-3770b6e011b8,AI/ML,2024-03-04,2024-08-01
661638acb9a42e76f265f6a3,Woodard-Lozano,cba722a1-c0e1-4fa5-a914-0418a44b117a,AI/ML,2024-01-16,2024-06-25
661638acb9a42e76f265f6a4,Cruz-Flowers,39e57c05-2fdd-4dc8-9080-0f687fce8ff2,Mobile App,2024-01-25,2024-06-15
661638acb9a42e76f265f6a5,Velazquez Group,2be47897-5591-499d-a2d3-6b6cfa7e68be,AI/ML,2024-02-08,2024-08-02
661638acb9a42e76f265f6a6,"Hall, Black and Vaughan",bad802bf-207c-44d5-b339-818ec6d0fb9d,AI/ML,2024-02-21,2024-07-31
661638acb9a42e76f265f6a7,Wilson PLC,0e0ccc03-cf14-4f3b-b060-fcbd3328a5de,Data Science,2024-01-11,2024-06-16
661638acb9a42e76f265f6a8,Fox Inc,6af3477f-4512-47ba-8809-f481431c9bb8,Web Development,2024-02-12,2024-06-27
661638acb9a42e76f265f6a9,Garcia-Griffin,55b9d3e2-4729-4049-8098-e18fd2e110e3,AI/ML,2024-02-25,2024-07-09
661638acb9a42e76f265f6aa,"Bowman, Johnston and Webb",8771ad81-9051-42e4-a228-662089be048f,Mobile App,2024-02-19,2024-06-19
661638acb9a42e76f265f6ab,"Foster, Parks and Lawrence",986b7a5a-00cf-49e1-a5ff-f5112587254b,Mobile App,2024-03-06,2024-06-09
661638acb9a42e76f265f6ac,Mcguire-Hall,24ac78dd-f13b-4b1c-b268-f4005d794c8e,Mobile App,2024-02-10,2024-06-09
661638acb9a42e76f265f6ad,Patton-Kim,a631a3b0-9088-47c2-a275-0e68ccb8a0d1,Data Science,2024-01-21,2024-07-03
661638acb9a42e76f265f6ae,Castillo-Bartlett,2b715550-9d64-4ab0-9a78-6f28ca41e0e6,Data Science,2024-02-16,2024-06-25
661638acb9a42e76f265f6af,Moore LLC,714d7e8d-7f03-4d4f-89bf-6922a48d857a,Data Science,2024-02-28,2024-06-30
661638acb9a42e76f265f6b0,Smith Inc,5a98e708-1a2f-468e-a70f-f773e4e4f108,Web Development,2024-02-17,2024-07-16
661638acb9a42e76f265f6b1,Stevens LLC,1c61c87d-cd55-45d2-bd10-9865bc3b90d8,Mobile App,2024-03-01,2024-07-03
661638acb9a42e76f265f6b2,"Parker, Rogers and Miller",fbde0219-9c4e-491e-827d-41188ced5db2,Data Science,2024-01-14,2024-07-08
661638acb9a42e76f265f6b3,Hall-Nguyen,248488f8-e050-465d-96a2-ecee5c2d5a02,Mobile App,2024-02-23,2024-07-02
661638acb9a42e76f265f6b4,Roberts and Sons,cb7da05f-f0f3-4d99-a7c9-921f5aa68b37,Mobile App,2024-01-18,2024-07-25
661638acb9a42e76f265f6b5,"Smith, Baker and Brown",409a4d07-836f-4c07-9155-34d55ca04ada,AI/ML,2024-02-22,2024-07-01
661638acb9a42e76f265f6b6,Garcia Group,927dade2-3db0-4ccd-8239-a6c6e785b7ef,Web Development,2024-02-24,2024-07-19
661638acb9a42e76f265f6b7,Wright-Anderson,e5ea2dbc-665c-4ae2-aff8-6dd6ff538a02,Web Development,2024-01-29,2024-08-03
661638acb9a42e76f265f6b8,"Johnston, Mason and Manning",c615b1f1-d2fa-4540-915e-86a26d04eea6,Data Science,2024-01-28,2024-06-12
661638acb9a42e76f265f6b9,Murray and Sons,2cb93bb3-1a20-473d-a554-646b648fe903,Mobile App,2024-02-03,2024-06-18
661638acb9a42e76f265f6ba,Aguilar Ltd,57fda8d8-4ac4-4730-9616-0f9869aadaee,AI/ML,2024-02-02,2024-06-26
661638acb9a42e76f265f6bb,"Stokes, Martin and Schultz",c9e83912-f4ce-4251-abb8-c2ed20d835fc,Mobile App,2024-02-16,2024-06-16
661638acb9a42e76f265f6bc,Day LLC,bae82af5-2219-4402-bad8-9da7b2af2567,Mobile App,2024-02-14,2024-07-09
661638acb9a42e76f265f6bd,"Keith, Tran and Robinson",c6944e5c-258e-4135-864f-8e146ef071a7,Data Science,2024-02-22,2024-07-02
661638acb9a42e76f265f6be,"Mccoy, Jones and Terry",63355622-6725-44dd-8ffb-b6d73a87173c,Mobile App,2024-01-28,2024-06-10
661638acb9a42e76f265f6bf,"Reed, Bentley and Brewer",f9b15086-152a-43a1-8617-c004519e69fb,AI/ML,2024-01-23,2024-07-29
661638acb9a42e76f265f6c0,"Ortiz, Bernard and Hernandez",35ac009d-7ff2-42ed-9633-e38d40af55ab,Mobile App,2024-01-13,2024-06-18
661638acb9a42e76f265f6c1,Collins-Black,75ed6c93-c566-43fc-a6e4-cc5f5fb490f7,Mobile App,2024-01-17,2024-06-25
661638acb9a42e76f265f6c2,"Pace, Robinson and Byrd",aa98f9b3-444b-47be-a11f-2d5f630f9c59,Data Science,2024-02-22,2024-08-05
661638acb9a42e76f265f6c3,Hanson LLC,e6f9df9c-f035-4f17-b669-3dbb957d957a,Mobile App,2024-01-14,2024-07-23
661638acb9a42e76f265f6c4,"Parker, Hill and Murray",fa1443b1-2b8d-4d1d-a9c6-16d525690afa,Mobile App,2024-03-08,2024-06-13
661638acb9a42e76f265f6c5,Brennan Ltd,dd97eded-d599-498c-bee8-3a58ce9295dc,Mobile App,2024-01-18,2024-06-13
661638acb9a42e76f265f6c6,Turner-Williams,2545f1a9-ad50-4e7e-bb66-f32d213ff1d6,Web Development,2024-02-23,2024-06-19
661638acb9a42e76f265f6c7,Terrell-Evans,4581fedc-cc09-4c34-9f3e-281081e7392e,Mobile App,2024-02-04,2024-06-10
661638acb9a42e76f265f6c8,Moran Inc,b2037b7b-64ea-4ffb-b90c-3abf0a505249,Data Science,2024-02-22,2024-06-27
661638acb9a42e76f265f6c9,Carter Ltd,734e92c0-19f8-4aee-9d23-0226e0ca8191,AI/ML,2024-03-07,2024-07-18
661638acb9a42e76f265f6ca,Stevens-George,8cb27133-d1b5-45e8-8def-ccfd07d600c3,Mobile App,2024-02-22,2024-08-06
661638acb9a42e76f265f6cb,Payne-Garcia,9382f03b-d105-4f85-af6d-ede19d6e09ec,Mobile App,2024-02-18,2024-06-27
661638acb9a42e76f265f6cc,Cook-Oconnor,00c742f4-e6eb-414c-b44b-6c1dc749ac8f,AI/ML,2024-01-16,2024-07-30
661638acb9a42e76f265f6cd,"Turner, Norris and Perez",6165b9db-f29b-4293-94d9-8b9789979a1b,Data Science,2024-01-25,2024-07-05
661638acb9a42e76f265f6ce,Gordon Group,d9828d4b-a74c-4b23-ae2b-1d27de3c89a1,Web Development,2024-02-21,2024-06-26
661638acb9a42e76f265f6cf,Sheppard and Sons,b5a66681-6e00-4fd7-aa62-aa34b4f16d39,AI/ML,2024-03-02,2024-06-28
661638acb9a42e76f265f6d0,Davidson Group,634f7bb3-d4f1-4c6e-af73-8d1ba238babb,Web Development,2024-01-31,2024-06-10
661638acb9a42e76f265f6d1,Hunter Inc,cc54add4-09e9-4a75-849c-9991bc702b39,AI/ML,2024-02-09,2024-07-16
661638acb9a42e76f265f6d2,Johnson-Mcdonald,1995c6ee-0616-4ec4-9d22-c121a3da3f98,Web Development,2024-02-14,2024-07-26
661638acb9a42e76f265f6d3,Andrews-Case,d7822bfd-fef5-4fb5-b887-234555e835ed,Mobile App,2024-03-01,2024-06-20
661638acb9a42e76f265f6d4,"Johnston, Hernandez and Johnson",4e1f7ccb-a971-44c9-aee4-71e311de268e,Web Development,2024-02-07,2024-06-26
661638acb9a42e76f265f6d5,West-Freeman,0eaac11e-dd12-4160-a1f0-e482209004ce,Mobile App,2024-02-29,2024-08-02
661638acb9a42e76f265f6d6,"Nguyen, Martinez and Stanton",c8d0b0fb-e793-4d92-947f-f21aed591008,Data Science,2024-01-12,2024-06-26
661638acb9a42e76f265f6d7,"Cunningham, Davis and Smith",bdf8f2f6-91e8-46a1-b043-75bb9cbbc515,Data Science,2024-01-11,2024-06-12
661638acb9a42e76f265f6d8,Harper PLC,78a0e63a-a16b-420a-a276-6fd60b269b23,Data Science,2024-02-06,2024-07-28
661638acb9a42e76f265f6d9,Robinson-Robinson,a98a93d4-1248-45c1-a478-5201ca73ad26,Web Development,2024-03-11,2024-06-20
661638acb9a42e76f265f6da,"Johnson, Burgess and Armstrong",d720afdc-8135-4ae0-ab19-b0bba3a7f1a5,AI/ML,2024-03-02,2024-07-18
661638acb9a42e76f265f6db,"West, Davis and Gregory",bf9d5de0-b0e5-4ab2-a00d-7077d01a14a6,Web Development,2024-01-20,2024-07-17
661638acb9a42e76f265f6dc,"Park, Valdez and Zimmerman",f3503ba2-c804-45a7-8e4d-b0715df9cdb3,Mobile App,2024-03-05,2024-06-30
661638acb9a42e76f265f6dd,"Diaz, Boyle and Brown",8f773ecf-f1cf-44e9-93db-af8b0aed313c,Data Science,2024-03-05,2024-07-04
661638acb9a42e76f265f6de,"Vazquez, Smith and Robinson",23f087f9-4cb5-4161-9f26-fc8aca71fe37,AI/ML,2024-01-21,2024-08-01
661638acb9a42e76f265f6df,Hunter Group,fe7d88c5-e76f-4c03-9f61-f2d43df76c2c,Mobile App,2024-01-18,2024-08-07
661638acb9a42e76f265f6e0,Oliver Inc,93d84670-cde8-4429-8a23-756af2e6b95e,Mobile App,2024-02-14,2024-06-19
661638acb9a42e76f265f6e1,"Ferguson, Morrison and Thomas",cea875cf-962c-46a1-b075-226722aca2ee,Data Science,2024-01-11,2024-08-04
661638acb9a42e76f265f6e2,Stewart-Harrington,b0f0c868-5dc9-4df1-8be6-7b35cc5e69e3,AI/ML,2024-03-11,2024-07-08
661638acb9a42e76f265f6e3,Mckenzie-Herrera,2786ee87-24bf-4a9d-b560-33712296c947,AI/ML,2024-02-06,2024-07-22
661638acb9a42e76f265f6e4,Smith-Rogers,1e2159bc-0845-46d8-a2a3-5528b31b0f65,Data Science,2024-01-12,2024-06-18
661638acb9a42e76f265f6e5,Mcclure Inc,246b513c-d2a7-45f5-8002-7d4485e1074b,Web Development,2024-01-27,2024-06-28
661638acb9a42e76f265f6e6,Hughes LLC,d0a27800-d8dd-499f-98d4-02c27add9a71,Data Science,2024-03-11,2024-08-03
661638acb9a42e76f265f6e7,"Reyes, Lowery and Wilson",37230bc9-ca6b-4ed8-9ba0-16e169be4170,Web Development,2024-02-03,2024-07-12
661638acb9a42e76f265f6e8,Wyatt PLC,40849b30-2a09-47d9-b9f0-f9423f603792,Web Development,2024-02-04,2024-08-05
661638acb9a42e76f265f6e9,Taylor-Pennington,a3c2bf1a-bf2e-42fb-b3b2-e5e329b9594b,Mobile App,2024-03-11,2024-07-29
661638acb9a42e76f265f6ea,"Lewis, Moon and Barrera",78c99dfc-821e-4ced-b049-a855b16269d3,Mobile App,2024-02-25,2024-07-11
661638acb9a42e76f265f6eb,"Miller, Roberts and Woods",62ddccaa-4550-4620-9b6c-0ac2c3953160,Web Development,2024-01-15,2024-06-09
661638acb9a42e76f265f6ec,Hunt Group,4276540d-fe8b-411b-acfe-c1e99090bda0,Web Development,2024-01-30,2024-07-23
661638acb9a42e76f265f6ed,Jones-Dickerson,3f7644be-fd56-4975-b2d2-3f4a531c8a9b,Mobile App,2024-02-10,2024-07-17
661638acb9a42e76f265f6ee,Ellis-Reynolds,6d1fbe0a-0bcb-42a5-9b6a-4626e0ff7bd4,Web Development,2024-02-28,2024-07-18
661638acb9a42e76f265f6ef,Jones-Lynn,6da00c29-5dd7-442d-9040-16b525e3822f,Data Science,2024-02-05,2024-07-25
661638acb9a42e76f265f6f0,Stone and Sons,126ff351-8db2-4218-abe7-09534d01f03c,Mobile App,2024-01-27,2024-06-09
661638acb9a42e76f265f6f1,Griffin PLC,f455286c-ed30-47da-9e72-32194b2664de,Web Development,2024-01-14,2024-07-15
661638acb9a42e76f265f6f2,Chambers-Johnson,30af6b73-3a52-4e86-a816-5ab2cd710d1f,Web Development,2024-01-17,2024-06-12
661638acb9a42e76f265f6f3,"Ochoa, Salazar and Wilson",5199e0c8-a05f-4655-96bd-a19ed20401a1,Data Science,2024-02-25,2024-06-25
661638acb9a42e76f265f6f4,"Washington, Miller and Mills",58c5ef27-f373-47d6-8e1d-13433175bdc5,Data Science,2024-03-05,2024-06-17
661638acb9a42e76f265f6f5,"Rice, Crane and Bird",f5097427-b7fa-45e3-8d10-16bfe3413df9,Mobile App,2024-01-18,2024-07-18
661638acb9a42e76f265f6f6,Ramsey Inc,38e04ac6-3b9d-4483-b54a-24a8ad8b523a,Data Science,2024-01-21,2024-07-12
661638acb9a42e76f265f6f7,"Jones, Lee and Maldonado",240ca3db-7046-4489-a390-ad94d7425ca9,Web Development,2024-03-03,2024-06-23
661638acb9a42e76f265f6f8,Roberts-Galloway,35c59bb9-acfa-46e5-af21-2a07a5a623ba,AI/ML,2024-03-10,2024-07-18
661638acb9a42e76f265f6f9,Carter-Arnold,3f594979-e717-4920-9d28-cba7ba7a37d0,Data Science,2024-01-17,2024-07-05
661638acb9a42e76f265f6fa,Fernandez-Hicks,7f30c356-1e75-43b9-92eb-91a16088a7cf,Web Development,2024-02-18,2024-06-26
661638acb9a42e76f265f6fb,Fuentes-Burton,1f0c0b45-8e65-4ae6-9db5-1a514d2d53a5,Data Science,2024-02-04,2024-07-29
661638acb9a42e76f265f6fc,Dodson and Sons,6ee1140f-e3ee-4359-b69f-abb5e4864746,Web Development,2024-01-21,2024-07-09
661638acb9a42e76f265f6fd,Cross-Perez,a0a994c8-90cc-48f7-bb4b-498d87aba82a,Web Development,2024-03-02,2024-07-20
661638acb9a42e76f265f6fe,Watkins LLC,a09343ac-50e3-49a5-b721-255fa3fc84da,Data Science,2024-01-11,2024-07-27
661638acb9a42e76f265f6ff,"Green, Smith and Adams",ad9415e6-f070-4747-9a8b-43c0c2e5ef3d,Mobile App,2024-01-29,2024-07-02
661638acb9a42e76f265f700,Johnson and Sons,01cba7e4-7545-4fee-9745-582865442f68,AI/ML,2024-01-21,2024-07-20
661638acb9a42e76f265f701,"Lam, Williams and Huffman",40df9400-f146-4227-a9cc-d3a9172b4bb9,AI/ML,2024-02-01,2024-07-30
661638acb9a42e76f265f702,Stanley-Spencer,d9b36735-dc72-4ff2-99f7-b4fae9accb8b,Web Development,2024-03-11,2024-06-25
661638acb9a42e76f265f703,Edwards-Douglas,2981c585-7672-4f0f-af9b-4e3199e1698b,Mobile App,2024-02-21,2024-08-07
661638acb9a42e76f265f704,"Henderson, Brady and Caldwell",8e2441a6-fbdc-4f59-8a33-7af4afbc7271,Data Science,2024-02-13,2024-08-05
661638acb9a42e76f265f705,"Davis, Aguirre and Smith",ca0444f0-3e6a-4fbf-9237-7d32d086e1cf,Mobile App,2024-03-06,2024-07-01
661638acb9a42e76f265f706,Marshall PLC,d7127719-f0e3-475a-86a6-aa415ff0da1c,AI/ML,2024-02-26,2024-07-06
661638acb9a42e76f265f707,Logan LLC,14e67de9-ffb7-4e83-b1cf-c947ec593038,Web Development,2024-01-26,2024-07-24
661638acb9a42e76f265f708,Abbott-Thornton,cf2a5cef-76c6-4746-9464-216f3cecdbeb,Web Development,2024-02-07,2024-07-02
661638acb9a42e76f265f709,Foster-Ramirez,2021fd7c-50db-443a-ae60-01a54dfe0a26,AI/ML,2024-01-21,2024-08-05
661638acb9a42e76f265f70a,Thompson-Jennings,151c85ad-34ee-4241-b26a-d7218d31dcdf,Data Science,2024-01-16,2024-06-11
661638acb9a42e76f265f70b,"Brooks, Reyes and Perez",5b67c2ff-d29d-4a7d-90b3-632265231fb1,AI/ML,2024-02-29,2024-07-23
661638acb9a42e76f265f70c,"Edwards, White and Williams",61e457cf-6ae3-44bc-ab98-bf99c842d37e,Mobile App,2024-02-06,2024-07-29
661638acb9a42e76f265f70d,"Rodriguez, Lucas and Vincent",04b9fae3-b069-4503-ab33-45b13b3c805c,Data Science,2024-02-09,2024-06-11
661638acb9a42e76f265f70e,"Mcdonald, Williams and Norris",b53a9eb1-4737-4c7d-ad54-c68430ef4625,Web Development,2024-02-01,2024-07-15
661638acb9a42e76f265f70f,"Stuart, Bowen and Love",32c32251-4d15-4974-849f-b1fb079073a0,AI/ML,2024-01-14,2024-06-29
661638acb9a42e76f265f710,Roth-Reid,0b2326d4-d779-4c51-9b3f-36a4a1399d78,Data Science,2024-03-02,2024-07-11
661638acb9a42e76f265f711,Glover-Stevenson,64b01dca-4c26-4187-93f2-ce0333aa30f5,AI/ML,2024-03-09,2024-07-04
661638acb9a42e76f265f712,Johnson PLC,4d1d7924-350a-4894-aa35-289e14d924fd,Web Development,2024-02-18,2024-06-22
661638acb9a42e76f265f713,"Rowe, Stout and Lynn",28d3c6d6-2c81-4430-ade6-2e1eda9a699c,Web Development,2024-02-15,2024-06-21
661638acb9a42e76f265f714,Cain-Allen,ac86e9fb-9cbb-4218-a7d6-f35439135227,Data Science,2024-01-21,2024-06-28
661638acb9a42e76f265f715,Hampton LLC,c12a429d-d16e-4cbb-b64f-45c5418bdc76,Mobile App,2024-03-02,2024-07-06
661638acb9a42e76f265f716,Lopez-Strickland,43cf3a4b-7327-4d3c-81a5-a69ac8e597ee,Web Development,2024-01-25,2024-08-04
661638acb9a42e76f265f717,"West, Lynn and Miller",0be581d2-256d-41af-b211-8c67b3a75d84,Web Development,2024-01-25,2024-07-30
661638acb9a42e76f265f718,Thomas-Wilson,d355b361-b2cc-4641-a0bb-e99441837d97,AI/ML,2024-03-11,2024-07-13
661638acb9a42e76f265f719,Mullins Inc,d5bf81a3-1e91-4e7c-8db0-38f42ae2fe03,Web Development,2024-01-18,2024-07-22
661638acb9a42e76f265f71a,Espinoza-Pearson,66f7c08f-88db-48e4-8fcb-046cb3c25d0a,Mobile App,2024-01-21,2024-06-23
661638acb9a42e76f265f71b,Vega LLC,03ccccd7-28be-449b-b732-0821fe2a97af,Data Science,2024-02-25,2024-07-30
661638acb9a42e76f265f71c,Green and Sons,f5f72067-adc6-4922-a9c2-7096b65cddb6,Web Development,2024-02-22,2024-07-28
661638acb9a42e76f265f71d,"Sanders, Taylor and Patterson",8d78e3f4-1ebe-409f-a097-395e28cb9b15,Web Development,2024-02-17,2024-07-19
661638acb9a42e76f265f71e,"Cummings, Rodriguez and Davenport",678c8fa6-aac0-4ef1-9a2a-25d375aeabec,AI/ML,2024-02-18,2024-07-28
661638acb9a42e76f265f71f,Ford-Bishop,dd3c26a5-cfb9-4cf1-948e-8af5a60dd9e8,Data Science,2024-02-09,2024-06-19
661638acb9a42e76f265f720,Wood PLC,12900bc5-2e9e-42c4-8af8-410ba025aaa1,Web Development,2024-03-01,2024-06-27
661638acb9a42e76f265f721,Evans PLC,2739dc1e-c891-45f0-b6f2-a5ccdb69ce98,AI/ML,2024-02-21,2024-06-16
661638acb9a42e76f265f722,Wilkinson-Davies,6d99ad39-5283-4fbc-ba8e-7f6d12dac4c8,AI/ML,2024-02-14,2024-07-25
661638acb9a42e76f265f723,Williams Group,e869c724-8759-4f75-b80c-b5372ea93ae0,AI/ML,2024-01-17,2024-06-25
661638acb9a42e76f265f724,"Carter, Olsen and Kirby",dc242786-d358-40f0-bb4d-0a6e01d665f0,Data Science,2024-01-18,2024-06-09
661638acb9a42e76f265f725,Riddle Inc,f4fc6d18-9287-47b9-8066-ac604da32b46,Data Science,2024-02-13,2024-08-04
661638acb9a42e76f265f726,Martin Group,34e97c11-128e-4b3f-a8ac-5cf42f8e33b1,Web Development,2024-01-18,2024-07-21
661638acb9a42e76f265f727,Wilson and Sons,643a0d98-0cb5-4fe4-bc96-0a4b6b3bdd63,Mobile App,2024-02-11,2024-06-28
661638acb9a42e76f265f728,Bowers-Allison,31f06253-21eb-47f2-9be5-6958a825230e,AI/ML,2024-01-21,2024-06-24
661638acb9a42e76f265f729,"Warner, Martin and Warren",d10a890d-d22f-44f1-bcfd-cd1b9625b95d,Web Development,2024-02-06,2024-06-20
661638acb9a42e76f265f72a,"Baker, Jacobson and Moore",adf4d41d-6f71-400c-98fb-e4985a0b71d0,Data Science,2024-02-20,2024-06-27
661638acb9a42e76f265f72b,Williams-Garcia,a80f6bee-67a7-410c-bb86-95adecdb8210,Data Science,2024-02-07,2024-06-20
661638acb9a42e76f265f72c,Nicholson-Braun,8a608ef9-62df-46de-8bf7-a56001d511fe,Mobile App,2024-02-02,2024-07-08
661638acb9a42e76f265f72d,"Jackson, Love and Barton",3dfa94fe-6dc0-40a8-a319-c4bba9ffb72e,Web Development,2024-01-25,2024-07-02
661638acb9a42e76f265f72e,Abbott and Sons,eaee9d76-9393-4de5-ae8b-3c490cfcb0c2,Web Development,2024-01-30,2024-08-02
661638acb9a42e76f265f72f,Miller Ltd,17897d3c-2bd6-4c5c-8828-d12226fca0d7,Data Science,2024-02-06,2024-07-26
661638acb9a42e76f265f730,"Allen, Hill and Harvey",a05646f4-2579-4f12-a146-586c10d0e80d,Web Development,2024-02-04,2024-06-11
661638acb9a42e76f265f731,Shelton Ltd,c0d0ec7d-9f71-4456-9776-7a93f5a01f72,AI/ML,2024-01-16,2024-08-03
661638acb9a42e76f265f732,Lucas-Williams,91a6de8b-3312-41ba-93b5-f53d304e364f,Data Science,2024-02-12,2024-06-28
661638acb9a42e76f265f733,Castillo Group,e52e1bfa-5eb8-436a-b5b3-f29b51802901,AI/ML,2024-02-19,2024-07-29
661638acb9a42e76f265f734,Williams-Munoz,c4ae1b2d-5907-49b4-84b5-951adc69eaef,Data Science,2024-01-26,2024-07-22
661638acb9a42e76f265f735,Bennett Ltd,97265055-d0ce-4003-b3a3-fea6274fa570,AI/ML,2024-02-15,2024-07-11
661638acb9a42e76f265f736,Smith Inc,fcea3422-4f91-40dc-baa4-a0274ca75428,Mobile App,2024-02-29,2024-06-11
661638acb9a42e76f265f737,"Silva, Taylor and Robertson",65bcfd09-111c-414a-919d-1b7a45eed8a8,AI/ML,2024-03-04,2024-07-17
661638acb9a42e76f265f738,Perez-Walker,f40ae0fb-3a03-4fd7-a9c3-06d26a482541,Mobile App,2024-01-20,2024-06-16
661638acb9a42e76f265f739,Miles PLC,a8b14002-8296-4b14-b32c-b1922c7a3579,Web Development,2024-01-13,2024-08-02
661638acb9a42e76f265f73a,Saunders and Sons,882c8d8c-ded5-44d0-bdd8-6f9840d458fe,Mobile App,2024-02-29,2024-06-24
661638acb9a42e76f265f73b,"Reynolds, Lane and Graham",45530dd2-7891-4a8c-8aa5-714c238f7068,Web Development,2024-02-05,2024-07-21
661638acb9a42e76f265f73c,Ford-Dougherty,8161a39b-951e-49f1-bc64-3ca1afbe4ced,Mobile App,2024-01-15,2024-06-24
661638acb9a42e76f265f73d,Reed-Shaffer,ae39912e-dbfe-40e6-9223-621ee1e9c282,Web Development,2024-02-03,2024-07-22
661638acb9a42e76f265f73e,George-Barker,c36ab46a-ad46-4bdf-aed3-c4c625b44742,Mobile App,2024-01-15,2024-06-23
661638acb9a42e76f265f73f,"White, Vaughan and Campbell",12ab0952-840f-4880-8572-cec4f8a06384,Data Science,2024-01-27,2024-08-03
661638acb9a42e76f265f740,Patton and Sons,33e4077b-a849-40c4-bde9-03fafa42bb7b,Web Development,2024-03-10,2024-07-25
661638acb9a42e76f265f741,Conrad-Fuller,4a999ad8-8387-411a-98eb-6231608fe03e,Data Science,2024-02-26,2024-07-24
661638acb9a42e76f265f742,Brown-Thomas,eef50734-5baf-4e70-8865-e359f1e32f8a,Data Science,2024-02-24,2024-06-27
661638acb9a42e76f265f743,"Gordon, Bryant and Brown",c459d664-eac4-4ceb-82cd-109d7238d58c,AI/ML,2024-01-23,2024-07-07
661638acb9a42e76f265f744,Garrett-Mccormick,1034851f-9aad-49b1-a822-02009a367093,Web Development,2024-02-17,2024-07-01
661638acb9a42e76f265f745,Johnson-Brown,4ced4fb0-cbe3-47bb-8361-84a894f344cf,AI/ML,2024-02-22,2024-07-06
661638acb9a42e76f265f746,"Vincent, Mccall and Lam",41253a46-530e-4503-92c0-0d48943280e3,Mobile App,2024-03-01,2024-06-14
661638acb9a42e76f265f747,Parker-Jones,93228cdb-9bcd-46cb-ba72-a6e9050c8c5f,AI/ML,2024-02-12,2024-07-16
661638acb9a42e76f265f748,Espinoza Group,b80b9398-5519-4c79-ab18-fe62ff1a3859,AI/ML,2024-02-16,2024-07-18
661638acb9a42e76f265f749,Shepard LLC,0baf06cb-9a0b-4751-af97-62a3c6974f05,Data Science,2024-03-05,2024-06-10
661638acb9a42e76f265f74a,Reynolds-Clark,bdc1bfad-4e2a-4cb0-92e8-71566a770e15,Data Science,2024-02-04,2024-07-29
661638acb9a42e76f265f74b,Sims Inc,cf2fad72-3e8d-4795-92e4-dcc1b6d226dd,AI/ML,2024-02-02,2024-07-12
661638acb9a42e76f265f74c,Morton-Miller,9fbfc0af-8705-41e4-b56c-6a8eece109aa,AI/ML,2024-02-29,2024-06-19
661638acb9a42e76f265f74d,Munoz LLC,3ee65783-c1ac-43e3-ba71-94d03d6fbf70,AI/ML,2024-02-04,2024-06-14
661638acb9a42e76f265f74e,Welch-Riggs,e07eccc0-8235-4d34-a432-4bfb8d1c75fa,Web Development,2024-02-13,2024-06-11
661638acb9a42e76f265f74f,Gibson-Cruz,43591cdd-7e4c-4ea1-86b0-d469ed5ac02d,AI/ML,2024-02-06,2024-07-24
661638acb9a42e76f265f750,Morse Ltd,9ae25e14-6d08-4ac6-9496-4984f6466ce1,AI/ML,2024-02-06,2024-08-02
661638acb9a42e76f265f751,"Scott, Daugherty and Chandler",ee62e5d3-039e-494f-8a72-a32f56041107,AI/ML,2024-01-18,2024-06-09
661638acb9a42e76f265f752,"Owens, Whitaker and Howell",62b4f1c2-ff5d-4478-87c4-656db83a860d,Web Development,2024-02-23,2024-07-11
661638acb9a42e76f265f753,Snyder-George,1d506537-8b07-4586-b28c-89001dbcb9cb,Web Development,2024-01-16,2024-07-19
661638acb9a42e76f265f754,"Reynolds, Gomez and Ali",850330b1-374e-46e3-ad45-e8f516985f61,AI/ML,2024-01-25,2024-06-25
661638acb9a42e76f265f755,Wall-Mcintosh,03379bb4-e1a9-41df-9c14-7deaff4b2c19,Data Science,2024-02-17,2024-07-02
661638acb9a42e76f265f756,Villarreal-Walsh,fabd73d8-a074-40de-b0a7-a066ee7aaa28,AI/ML,2024-02-17,2024-07-28
661638acb9a42e76f265f757,Gilbert-Williams,69290b83-dcb2-436d-8035-3d63370db05d,Web Development,2024-01-13,2024-07-27
661638acb9a42e76f265f758,"Jordan, Baker and Lopez",a74a43ab-eb8e-495a-b43b-bcdd4a724bd4,Mobile App,2024-01-20,2024-06-13
661638acb9a42e76f265f759,"Marshall, Wise and Gordon",1d83c305-2141-4907-bc5f-4d8341f132ef,Data Science,2024-02-18,2024-06-28
661638acb9a42e76f265f75a,"Smith, Wright and Hendricks",fc7c4512-27b5-40f6-8fea-185829342b98,Data Science,2024-02-19,2024-08-02
661638acb9a42e76f265f75b,Fitzgerald LLC,53acb462-b1aa-41f7-84e9-9268f176a3f5,AI/ML,2024-02-20,2024-06-28
661638acb9a42e76f265f75c,"Stephens, Watkins and Jones",14de7252-794d-474c-857e-b59f101029fd,Data Science,2024-03-07,2024-07-30
661638acb9a42e76f265f75d,"Bailey, Castillo and Bartlett",4a4981e1-f4f7-40e6-8be1-3de4354bc8e0,Web Development,2024-02-08,2024-06-20
661638acb9a42e76f265f75e,"Rice, Navarro and Massey",41e04334-9eaf-4596-9f0d-5df83844c3e4,Mobile App,2024-02-06,2024-06-11
661638acb9a42e76f265f75f,Jones-Becker,aa4b3b46-c0b8-44f8-868b-dade49a2d604,AI/ML,2024-03-10,2024-07-28
661638acb9a42e76f265f760,Davis Ltd,0541ad40-a7d5-46cd-b9ee-1346e2e02a54,Mobile App,2024-02-11,2024-06-16
661638acb9a42e76f265f761,Bell-Pennington,ea259f43-092f-43a8-ae3b-8a6c988bdbf2,AI/ML,2024-02-27,2024-07-01
661638acb9a42e76f265f762,Torres PLC,747381a7-edfb-4080-ad2f-2e10e2957c36,Mobile App,2024-01-13,2024-08-02
661638acb9a42e76f265f763,Forbes Group,e8811ffe-fb00-4501-b1e5-f0082c15e3d1,Mobile App,2024-02-04,2024-07-14
661638acb9a42e76f265f764,Roberts-Hamilton,57ade9bf-7a8c-4543-abaf-25f605d4679c,Data Science,2024-01-26,2024-07-16
661638acb9a42e76f265f765,Osborne-Hoffman,c32ebf9d-34aa-426b-97c8-b1d9194d7e36,AI/ML,2024-02-28,2024-07-08
661638acb9a42e76f265f766,Tucker LLC,bbd1e8e7-8f9b-4d5b-997f-430818a5b626,Mobile App,2024-01-25,2024-07-26
661638acb9a42e76f265f767,Young Inc,c7bb008e-84c1-43c4-877d-3fdff855404b,Web Development,2024-02-19,2024-07-08
661638acb9a42e76f265f768,Harvey-Campbell,be85e932-1df6-419a-9281-fab890481c9d,Mobile App,2024-02-01,2024-07-29
661638acb9a42e76f265f769,Burns Inc,2c1bfcf7-c01f-4abc-9461-d288f3c6169d,Mobile App,2024-02-17,2024-07-23
661638acb9a42e76f265f76a,Butler-Harding,6bfe5bc6-58b1-478d-8436-31f3cd0fb2db,Data Science,2024-01-22,2024-06-25
661638acb9a42e76f265f76b,Jones-Perkins,22cf0919-e289-4689-a671-dd10d88a74ab,Mobile App,2024-02-18,2024-06-18
661638acb9a42e76f265f76c,Baker-Schultz,d6b37973-aa59-4ec2-90ea-560cab535ca8,Mobile App,2024-03-01,2024-07-07
661638acb9a42e76f265f76d,Douglas-Glenn,5367494d-2573-4a72-97e1-c1208970fc72,Web Development,2024-01-20,2024-06-28
661638acb9a42e76f265f76e,Hill Ltd,44d15ac2-284b-47aa-aca9-5b65be58d406,Data Science,2024-02-09,2024-07-26
661638acb9a42e76f265f76f,"Davis, Owens and Mccoy",49f0cc1e-80e6-40f1-8b75-3fa0abdb0d84,Web Development,2024-03-02,2024-06-25
661638acb9a42e76f265f770,Green and Sons,5f5dfcd2-372a-4f1f-84f1-35124bd1a8a9,AI/ML,2024-02-28,2024-07-25
661638acb9a42e76f265f771,"Garner, Fields and Morton",8cc8df83-542f-4c3a-8790-f92b00b96ca5,Mobile App,2024-02-22,2024-07-16
661638acb9a42e76f265f772,Hester-Vaughn,7b040435-6b3d-40d9-b29a-6c3f3cc6cb53,Mobile App,2024-02-22,2024-07-07
661638acb9a42e76f265f773,Gonzales Group,cb47a01d-bd65-4517-bfaa-93b069bd67cb,AI/ML,2024-02-14,2024-06-13
661638acb9a42e76f265f774,"Smith, Ayers and Ramirez",72bc70d4-fe91-40dd-a23d-7b546da08ddd,Web Development,2024-02-09,2024-06-21
661638acb9a42e76f265f775,Preston LLC,80b5b991-80c9-4d6f-9765-e5906909646d,Data Science,2024-01-31,2024-07-08
661638acb9a42e76f265f776,Miller-Dunn,73f6c383-5ac4-4700-b68e-f480cc6158cc,Data Science,2024-01-12,2024-08-04
661638acb9a42e76f265f777,Guzman Ltd,8f133104-586b-49bb-bd0c-1bbfd100ef3c,Data Science,2024-02-27,2024-07-25
661638acb9a42e76f265f778,Hickman Ltd,a8dd8932-41e6-4be0-a33c-884ae6f875e5,Data Science,2024-03-09,2024-06-23
661638acb9a42e76f265f779,Price LLC,aac1196b-68e4-4672-a228-b828960a3294,Web Development,2024-02-01,2024-07-21
661638acb9a42e76f265f77a,Pearson-Evans,cfbeceaf-0f21-4285-b2ec-6bb667b129d6,Web Development,2024-02-29,2024-07-05
661638acb9a42e76f265f77b,"Whitaker, Cunningham and Gray",d92a589e-b0ca-45e4-946f-b80e745d3a28,AI/ML,2024-01-19,2024-07-30
661638acb9a42e76f265f77c,Peterson-Zimmerman,569c1ee3-dadf-41d3-8a5e-6dc582e4ea07,Web Development,2024-02-01,2024-07-12
661638acb9a42e76f265f77d,Murray-Cox,b3fdbb8f-e04e-4126-b125-760c3417e64b,Web Development,2024-01-19,2024-06-12
661638acb9a42e76f265f77e,Johnson LLC,bd626173-823f-4ec6-a92d-7c1333c4857a,Mobile App,2024-03-03,2024-06-25
661638acb9a42e76f265f77f,Everett and Sons,ca8f4591-ed6a-4e72-bdf0-f1478e8155c4,Mobile App,2024-02-15,2024-07-05
661638acb9a42e76f265f780,Parker-Moore,2596926f-dba9-45d0-83c8-c2f94bbaa1d9,Mobile App,2024-01-29,2024-07-17
661638acb9a42e76f265f781,"Wallace, Randall and Campbell",304fb7b4-30ba-4dda-8ded-ba565ab08649,Mobile App,2024-01-23,2024-07-08
661638acb9a42e76f265f782,"Barron, Miller and Arroyo",75045625-2bd6-4345-9ef0-c29f861f5954,Web Development,2024-03-09,2024-06-15
661638acb9a42e76f265f783,Kaiser-Wilson,3914b587-b074-4de8-b0a8-25d5607709ab,Web Development,2024-01-23,2024-06-14
661638acb9a42e76f265f784,Molina-Simpson,0df29da7-b9bb-492e-bb60-c935d42f4fe7,AI/ML,2024-01-28,2024-08-07
661638acb9a42e76f265f785,"Collins, Daugherty and Hicks",00809f03-cd32-4b16-94ce-7fd0e32c76d5,Web Development,2024-03-10,2024-07-17
661638acb9a42e76f265f786,Carter LLC,8abcb2e8-035b-435a-a2f6-3fd4c5469f47,Web Development,2024-01-18,2024-07-11
661638acb9a42e76f265f787,Black-Wilkinson,e371c719-35ea-4dba-96b0-1f52008a3ca5,Web Development,2024-02-14,2024-06-19
661638acb9a42e76f265f788,Soto-Smith,63999b90-ce28-48a8-958f-f63a4b78858f,Data Science,2024-02-01,2024-07-19
661638acb9a42e76f265f789,"Peterson, Williamson and Foster",01ddd15c-d04c-4d7e-ab42-5afb6f054432,Web Development,2024-01-20,2024-06-13
661638acb9a42e76f265f78a,"Baker, Reynolds and Crosby",65752899-34c5-4eca-a470-2ea75b2a3c91,Data Science,2024-01-31,2024-06-21
661638acb9a42e76f265f78b,Smith Inc,f6cc03bb-2a16-4a24-95c5-7a53b8e84a22,Mobile App,2024-02-16,2024-07-19
661638acb9a42e76f265f78c,Woods-Underwood,37d50b4b-6969-47da-b739-34a0d0dcc308,AI/ML,2024-02-15,2024-07-19
661638acb9a42e76f265f78d,Chapman-Peters,5ddf2ae0-f6c1-4446-ac35-463e226052c2,Mobile App,2024-01-29,2024-07-23
661638acb9a42e76f265f78e,West-Miller,b85d0f64-bbf7-4886-9ad0-df0be2491256,Mobile App,2024-02-17,2024-06-25
661638acb9a42e76f265f78f,"Johnson, Harper and White",c6451783-b403-45e0-82dd-1de55cbee2e6,Data Science,2024-01-30,2024-06-12
661638acb9a42e76f265f790,Brown and Sons,a6eee612-74b7-41b1-b5a0-1fab749ebe44,AI/ML,2024-02-18,2024-07-10
661638acb9a42e76f265f791,Miller-Miller,e6d42a1c-9e40-46e6-9607-6e398faea148,Web Development,2024-01-11,2024-07-19
661638acb9a42e76f265f792,Sanders-Nguyen,f55c7986-6dfb-46b7-afe5-793193700d63,AI/ML,2024-03-09,2024-08-08
661638acb9a42e76f265f793,Yu-Allen,bb2476b0-8a05-4020-be01-69e610ad0218,Data Science,2024-02-29,2024-07-18
661638acb9a42e76f265f794,Jones-Garcia,3c75220c-3bdf-41b3-a178-b81f3cf7ed82,Mobile App,2024-03-01,2024-07-10
661638acb9a42e76f265f795,Doyle-Miller,972519ac-054f-4bc0-b706-aa10ae86cd2b,Data Science,2024-02-07,2024-07-24
661638acb9a42e76f265f796,Conrad Group,a4a2efe6-982e-4ff0-a21e-1f426653639c,Data Science,2024-02-02,2024-07-12
661638acb9a42e76f265f797,"Cooper, Reese and Davila",6bd2eb70-f2cc-458d-a9cf-d5d2bc3e53e2,AI/ML,2024-01-16,2024-06-09
661638acb9a42e76f265f798,Hammond Group,7dfb7c7d-e2ec-4666-9223-9fdbbe610432,Web Development,2024-03-05,2024-07-22
661638acb9a42e76f265f799,"Larsen, Robertson and Jordan",9eb8b0ff-6695-4589-9c29-76008dbc2718,Mobile App,2024-02-17,2024-07-28
661638acb9a42e76f265f79a,"Chavez, Peters and Cox",37fc3f27-148c-4c26-b296-332d64777828,Mobile App,2024-01-16,2024-06-12
661638acb9a42e76f265f79b,"Johnson, Choi and Figueroa",797d945c-6206-4852-a73a-483859cba7cb,Web Development,2024-03-04,2024-07-09
661638acb9a42e76f265f79c,Smith-Adams,0426d586-0b7b-4f54-b756-e2f29bd78868,Data Science,2024-01-13,2024-07-15
661638acb9a42e76f265f79d,Brown-Gray,bab5fde0-e251-4c52-8762-27328c052cb3,Mobile App,2024-02-06,2024-08-07
661638acb9a42e76f265f79e,"Robinson, Rodriguez and Foster",3c67b50b-4424-4f02-ae8d-51928b18535a,AI/ML,2024-02-21,2024-06-24
661638acb9a42e76f265f79f,Patterson-Bradford,494f739d-a438-4526-b87a-81b36b2df297,Web Development,2024-02-22,2024-06-26
661638acb9a42e76f265f7a0,"Reyes, Andersen and Taylor",fe4d1352-1cfa-44f1-8c2f-2ed7d06d10de,Data Science,2024-01-31,2024-08-04
661638acb9a42e76f265f7a1,"Marquez, Jones and Thompson",73c2e9ff-2748-4a66-aa7d-98e66aa91c0b,AI/ML,2024-02-09,2024-07-30
661638acb9a42e76f265f7a2,Jenkins and Sons,f6706f06-6d82-4e41-873d-02fbfb5a41f2,Data Science,2024-02-07,2024-06-30
661638acb9a42e76f265f7a3,Boone-Fleming,33319327-00b9-4c28-a071-a4f2f101d38f,Mobile App,2024-02-06,2024-07-25
661638acb9a42e76f265f7a4,"Carpenter, Mcdonald and Kelly",770362a2-6820-4075-a1b9-a6329843dfd8,Mobile App,2024-01-14,2024-08-07
661638acb9a42e76f265f7a5,Lopez Group,c79df368-9e79-4698-aac8-1e8065b45d37,Mobile App,2024-02-05,2024-08-06
661638acb9a42e76f265f7a6,"Jimenez, Butler and Barrett",233ff9b6-c8b7-4643-993d-0e4c4f46ba0f,AI/ML,2024-02-05,2024-06-24
661638acb9a42e76f265f7a7,"Morris, Moss and Wright",e8a0df44-50ee-403a-af83-ed00f9526efd,Data Science,2024-02-22,2024-07-27
661638acb9a42e76f265f7a8,Jordan-Nelson,1600c8e9-39f1-4eac-bd91-98723c4f594e,Data Science,2024-02-01,2024-06-28
661638acb9a42e76f265f7a9,Esparza Inc,a4d7ece5-22b2-4b13-811c-862b03ab1117,Data Science,2024-02-12,2024-06-09
661638acb9a42e76f265f7aa,Jones Inc,76d46748-87a4-4a27-8026-23e33a047041,Web Development,2024-01-21,2024-07-09
661638acb9a42e76f265f7ab,Moody-Diaz,e2f5ad54-e55d-4711-a9dc-81c230594750,Web Development,2024-02-17,2024-06-09
661638acb9a42e76f265f7ac,Howard-Downs,59d3df7c-4b32-465b-b0d7-d7bba29a9a2c,Data Science,2024-03-02,2024-06-10
661638acb9a42e76f265f7ad,"Williamson, Farrell and Barnes",e4b6cb54-ed78-46bb-82d6-1a4d75130323,Web Development,2024-01-20,2024-06-14
661638acb9a42e76f265f7ae,Jordan-Robinson,96277fc1-cb04-45a8-a62e-7d745d09ae60,Web Development,2024-02-03,2024-06-26
661638acb9a42e76f265f7af,"Maxwell, Allen and Snyder",a4b18d43-b6b5-4b35-9a7e-d87ae64828af,Data Science,2024-02-14,2024-07-07
661638acb9a42e76f265f7b0,Wilson Group,9263a95d-9f1d-413e-96f3-dc6a370bc7e9,Data Science,2024-03-03,2024-07-14
661638acb9a42e76f265f7b1,Turner-Harding,dda7affb-051a-4e96-95ec-621e8bfec9e2,AI/ML,2024-02-26,2024-06-20
661638acb9a42e76f265f7b2,Hernandez-Brown,b4a47c2b-f9dc-4ece-ac7c-f4d98df8c875,Web Development,2024-02-28,2024-07-01
661638acb9a42e76f265f7b3,Gonzalez-Thomas,33620368-10c5-446a-a173-1b27658ff931,Mobile App,2024-02-03,2024-06-17
661638acb9a42e76f265f7b4,"Jackson, Davidson and Foster",b7956926-ff8d-4e48-9c4a-898049985cfa,AI/ML,2024-02-17,2024-06-14
661638acb9a42e76f265f7b5,Johnson LLC,4419a628-c15f-4ddc-83f9-0899b1462733,Data Science,2024-01-21,2024-06-12
661638acb9a42e76f265f7b6,Rogers-Jones,88102bdb-7920-44f3-b204-50ffffb954d9,Mobile App,2024-02-20,2024-07-01
661638acb9a42e76f265f7b7,"Rivers, Martinez and Harmon",b7a58ee4-db42-4a80-96fa-40795fe7663b,Data Science,2024-01-16,2024-07-06
661638acb9a42e76f265f7b8,Cooper PLC,9233ac7b-30d2-494a-8911-b5343ae96c16,Web Development,2024-02-25,2024-06-22
661638acb9a42e76f265f7b9,Beck LLC,c831a841-da4e-4244-ae71-0514146e1a65,Data Science,2024-02-05,2024-06-22
661638acb9a42e76f265f7ba,Baker Group,5cd355bd-d15a-45f1-afed-749ceeb4606d,AI/ML,2024-01-25,2024-07-12
661638acb9a42e76f265f7bb,Romero PLC,3e2ee7ae-ff04-4788-86db-f3647a0d66b3,AI/ML,2024-01-23,2024-06-30
661638acb9a42e76f265f7bc,Ray Ltd,1151cdc7-8cc1-460d-972e-d48543334cdc,Mobile App,2024-02-08,2024-07-09
661638acb9a42e76f265f7bd,Reed Ltd,f8648dcd-ece3-41ca-b48d-6be08babb223,AI/ML,2024-02-08,2024-08-02
661638acb9a42e76f265f7be,"Hall, Drake and Torres",d3fe3c45-9931-400a-ae88-f7b1a0917ab7,Data Science,2024-03-10,2024-07-09
661638acb9a42e76f265f7bf,Carrillo LLC,992894c0-0046-4551-b494-6804225bfea7,AI/ML,2024-01-22,2024-07-27
661638acb9a42e76f265f7c0,Chase Group,1008c1c0-a9cc-4ee0-a109-9b8a22725db2,AI/ML,2024-02-03,2024-06-10
661638acb9a42e76f265f7c1,Short-Haynes,b6773aea-7761-4735-ae0b-7efba7bd0f82,Web Development,2024-02-17,2024-06-23
661638acb9a42e76f265f7c2,Griffin-Wallace,97861a67-7f9d-4255-9b60-2e9607404f98,Mobile App,2024-02-06,2024-07-12
661638acb9a42e76f265f7c3,"Shaw, Hernandez and Ruiz",9e21351e-738b-4347-b866-d2e8da292bb9,Web Development,2024-03-09,2024-07-05
661638acb9a42e76f265f7c4,"Lewis, Murray and Boone",67ffd134-65f3-4c05-abcc-c5607b0cb990,Mobile App,2024-01-24,2024-06-17
661638acb9a42e76f265f7c5,Quinn-Black,882bbfdd-5496-43a2-96c7-192337b01b34,Mobile App,2024-02-21,2024-06-24
661638acb9a42e76f265f7c6,Pratt Group,14d5219c-5ead-43a0-92c2-70c581c49cfe,Mobile App,2024-02-15,2024-07-01
661638acb9a42e76f265f7c7,Smith-Wright,a114d3f7-b822-4f76-8ec3-3af606e66cf2,Mobile App,2024-02-23,2024-08-02
661638acb9a42e76f265f7c8,Hernandez-Mckay,68a24c38-4b19-4e79-b57b-d05c0291726c,Data Science,2024-02-06,2024-06-30
661638acb9a42e76f265f7c9,Flores Ltd,5a756a89-5ff2-4cbf-af81-97493fa2aa95,AI/ML,2024-02-04,2024-07-14
661638acb9a42e76f265f7ca,"Terry, Becker and Baker",d2136769-6246-4b55-8c8e-67a1a17355d8,Data Science,2024-03-02,2024-07-04
661638acb9a42e76f265f7cb,White-Sanchez,185ef2a0-d006-42f9-8263-bd70f004180a,Mobile App,2024-03-11,2024-08-03
661638acb9a42e76f265f7cc,Watson PLC,c7d85de6-f741-43c2-859c-986b5ec99938,Web Development,2024-02-29,2024-07-16
661638acb9a42e76f265f7cd,"Glover, Pineda and Novak",ebbccc7c-f082-4e08-9196-7c404bba91b9,Data Science,2024-01-12,2024-07-07
661638acb9a42e76f265f7ce,Atkinson-Doyle,b8f809f6-0552-40e6-aab7-65becea7db25,Mobile App,2024-02-21,2024-07-20
661638acb9a42e76f265f7cf,Hull Inc,f3bdc648-965c-462e-a88a-90cd31938e38,Mobile App,2024-02-20,2024-07-18
661638acb9a42e76f265f7d0,"Golden, Prince and Turner",97826200-e5dd-4dd7-9013-930a40cb0a15,Mobile App,2024-02-02,2024-08-01
661638acb9a42e76f265f7d1,Miller and Sons,5ef60463-e038-409e-85fc-d285b2ded500,Mobile App,2024-02-20,2024-08-02
661638acb9a42e76f265f7d2,Carroll-Sanchez,011e95cd-4767-4d94-b5ab-57188769eec7,Data Science,2024-01-14,2024-06-23
661638acb9a42e76f265f7d3,Sanders-Garrett,97312b04-7ea6-4119-a308-8393cec10141,Web Development,2024-02-26,2024-07-25
661638acb9a42e76f265f7d4,"Mckinney, Nguyen and Clark",f6f5c86b-04a6-44ab-98c3-67ea8d2b5594,Web Development,2024-01-27,2024-08-07
661638acb9a42e76f265f7d5,"Wright, Newman and Hebert",ab64ca54-a6c6-4338-b3fa-2ae438dfb8d6,Mobile App,2024-02-13,2024-06-12
661638acb9a42e76f265f7d6,"Villa, Smith and Salazar",475c6048-5cfa-4ff3-a3cd-b8d5fc97d07a,Data Science,2024-01-24,2024-07-11
661638acb9a42e76f265f7d7,Mitchell-Mullins,4149b703-9e51-48bf-926b-21ef8bd18045,Mobile App,2024-03-09,2024-07-01
661638acb9a42e76f265f7d8,Zamora Group,6c8caf64-c348-4016-b2e7-292d72b62cdc,Mobile App,2024-01-31,2024-07-05
661638acb9a42e76f265f7d9,"Hood, Cook and Ramirez",6874f8e1-8e96-4149-adf5-25613c773a34,Data Science,2024-02-25,2024-08-08
661638acb9a42e76f265f7da,Meyer-Williams,9a43a397-3293-4cb1-93cc-ff3192f9c22d,Mobile App,2024-01-27,2024-08-02
661638acb9a42e76f265f7db,Wu and Sons,f6a012c3-5800-401b-b440-35b5286f3fc9,Mobile App,2024-02-27,2024-06-22
661638acb9a42e76f265f7dc,Hopkins-Smith,925f5600-c3ae-4110-b7a4-d5aa5b0c5713,Web Development,2024-02-02,2024-06-09
661638acb9a42e76f265f7dd,Smith and Sons,b6fac82b-4ce1-4568-8d6e-86d05110f3cc,Web Development,2024-02-16,2024-06-30
661638acb9a42e76f265f7de,Harris and Sons,d3d8a4ef-c931-4b4a-b1ec-7393b88b79a2,Data Science,2024-01-23,2024-07-09
661638acb9a42e76f265f7df,"Cabrera, Nelson and Henderson",26b8a045-3a17-4dc8-a1ee-d062c2343caf,Web Development,2024-01-28,2024-06-28
661638acb9a42e76f265f7e0,"Richardson, Bradley and Bell",161d7c8d-fb67-4516-b037-405a1f198e01,Web Development,2024-01-18,2024-06-25
661638acb9a42e76f265f7e1,"Vasquez, Taylor and Lewis",22ee26e3-7fdf-4e0a-be3a-c1e3f9f7873f,Web Development,2024-02-17,2024-07-12
661638acb9a42e76f265f7e2,Johnson LLC,8a2dde72-ebb1-4207-afdf-143ed4fc6e31,Mobile App,2024-02-12,2024-08-01
661638acb9a42e76f265f7e3,Jones PLC,fed35262-6259-4d98-b495-be6260a5db3c,Web Development,2024-02-16,2024-06-26
661638acb9a42e76f265f7e4,Casey-Miller,53b0f0dd-e878-4854-94ff-f4149db07cf0,Mobile App,2024-03-07,2024-07-17
661638acb9a42e76f265f7e5,Wallace-Webb,5a7b5bf5-74a0-45da-ad32-e89afca64f6c,Web Development,2024-03-05,2024-07-30
661638acb9a42e76f265f7e6,Ballard-Adams,727cf9b1-100c-46d8-8776-6e0172d33803,Mobile App,2024-03-05,2024-07-05
661638acb9a42e76f265f7e7,Waters PLC,69d1ef09-0f66-496d-9074-1124848d01d8,Web Development,2024-01-27,2024-07-02
661638acb9a42e76f265f7e8,Mitchell LLC,402ac5c9-a550-45be-84f4-5a94518b9cf1,Web Development,2024-02-06,2024-07-24
661638acb9a42e76f265f7e9,"Garcia, Parsons and Morris",51b317ed-93c5-46d2-b1fc-192cd4c415da,Mobile App,2024-01-27,2024-06-29
661638acb9a42e76f265f7ea,Stewart-Lopez,2f49d0a4-b814-4642-941f-5a5dd0072ef9,Data Science,2024-02-26,2024-06-16
661638acb9a42e76f265f7eb,"Mitchell, Peterson and Blackwell",8054b1a4-04d2-488a-83e3-6e4258a7b140,Web Development,2024-01-22,2024-07-16
661638acb9a42e76f265f7ec,"Myers, Hawkins and Day",274581d4-4123-4d3c-810f-88fae8368c76,Mobile App,2024-02-23,2024-06-12
661638acb9a42e76f265f7ed,"Newton, Mann and Curry",9212ac83-0d8f-4d18-8de1-9d2fcb120703,Data Science,2024-01-15,2024-07-09
661638acb9a42e76f265f7ee,Smith-Lewis,2810069c-f85d-4db3-ac57-2099c80bb742,Mobile App,2024-01-27,2024-07-13
661638acb9a42e76f265f7ef,"Christian, Trevino and Moody",7785f76c-5c00-440c-8b95-e69354cda43b,Mobile App,2024-01-23,2024-07-23
661638acb9a42e76f265f7f0,"Parker, Roberts and Roth",6696e190-4692-4a96-a116-bc45aff7747e,AI/ML,2024-01-19,2024-07-27
661638acb9a42e76f265f7f1,"Bean, Davis and Wheeler",e20d5651-1563-4615-a590-6e446693e377,Web Development,2024-01-13,2024-07-12
661638acb9a42e76f265f7f2,Estrada-Jordan,76063450-f04e-42e7-9818-1baae0d669e2,Mobile App,2024-01-16,2024-06-11
661638acb9a42e76f265f7f3,"Martin, Castro and Jones",e88dae71-e1bc-44f3-8ffe-38e541060b24,AI/ML,2024-02-19,2024-07-24
661638acb9a42e76f265f7f4,Webster Inc,1ca7de3a-0480-4848-9c60-62d6547864e6,Data Science,2024-02-26,2024-07-14
661638acb9a42e76f265f7f5,Fowler and Sons,209b6ba7-8b59-4ce3-9921-caa7ca2ce3c8,AI/ML,2024-01-20,2024-06-17
661638acb9a42e76f265f7f6,"Miller, Johnson and Wong",0b95510e-531f-4f75-a2d4-0f17196faab6,Mobile App,2024-02-16,2024-06-17
661638acb9a42e76f265f7f7,Johnson Group,bb677870-fa4a-465e-b0fc-82fca41c9813,AI/ML,2024-03-04,2024-07-30
661638acb9a42e76f265f7f8,"Le, Taylor and Dunlap",16964833-00f5-4169-9a5b-3a73eaa8de9d,Web Development,2024-02-02,2024-07-06
661638acb9a42e76f265f7f9,Brown PLC,6d73ad68-2de5-45de-99f4-588ba9e80f85,AI/ML,2024-01-17,2024-06-28
661638acb9a42e76f265f7fa,Zamora and Sons,c23f0e42-988d-45a4-80c9-da9610af7538,Data Science,2024-02-20,2024-06-09
661638acb9a42e76f265f7fb,Hess PLC,13ed53d7-f054-4ee4-b636-32890ccc09d9,Mobile App,2024-01-29,2024-06-29
661638acb9a42e76f265f7fc,Pittman-Melton,892b6c7b-cc66-4875-a7ed-beedaf383f95,AI/ML,2024-01-15,2024-07-01
661638acb9a42e76f265f7fd,Stevenson-Garcia,03f3a748-5b52-41e9-8846-c6bd01d5486a,Data Science,2024-01-18,2024-07-08
661638acb9a42e76f265f7fe,"Edwards, Lloyd and Marshall",63a05694-0e0b-43e4-93f0-98bc6056071f,Data Science,2024-02-05,2024-07-02
661638acb9a42e76f265f7ff,Hill-Miller,2f6c6fa4-3144-4996-8817-c5c6ff7b6849,Mobile App,2024-02-09,2024-06-27
661638acb9a42e76f265f800,"Johnston, Vasquez and Wallace",cb70741e-bac1-4b0c-9157-ecb57b49af0b,Web Development,2024-02-22,2024-06-11
661638acb9a42e76f265f801,Williams-Wood,7041dbd1-1748-4bfb-9947-328733f19de4,AI/ML,2024-01-18,2024-08-01
661638acb9a42e76f265f802,"Woods, Freeman and Bryant",2e4d69de-d08f-4517-83cb-b0e585d5144a,Mobile App,2024-01-11,2024-07-04
661638acb9a42e76f265f803,"Benson, Cox and Lawson",cc249997-10cc-4370-bee6-feaf41f21d42,Mobile App,2024-02-04,2024-07-02
661638acb9a42e76f265f804,Rich and Sons,6bf80e08-3fb8-4c00-b307-e41d967468e2,Mobile App,2024-02-26,2024-08-07
661638acb9a42e76f265f805,Smith LLC,8e000a1b-9fce-4849-80c0-51021f895f71,Mobile App,2024-01-28,2024-08-04
661638acb9a42e76f265f806,Watkins-Campbell,84cc3e43-cab5-4e59-bc61-5d82f6ccf06f,Web Development,2024-01-27,2024-07-01
661638acb9a42e76f265f807,Cooley-Hernandez,9c64162d-aca0-4cdb-b688-b03645919337,Data Science,2024-01-30,2024-06-22
661638acb9a42e76f265f808,Coleman-Mercer,90cf3fb1-f6cd-42fb-9f85-352c2cce63f5,Mobile App,2024-02-21,2024-07-11
661638acb9a42e76f265f809,Jimenez-Martin,98e09fe9-3a3b-4a32-8f34-b61724d7df77,Data Science,2024-02-08,2024-07-24
661638acb9a42e76f265f80a,"Mills, Swanson and Wilcox",6686183b-b25c-46d8-a329-382825152651,AI/ML,2024-02-27,2024-07-09
661638acb9a42e76f265f80b,White Inc,14752343-ab23-47dc-8714-1b458293db1b,AI/ML,2024-02-01,2024-06-25
661638acb9a42e76f265f80c,"Kim, Duncan and Delgado",c1b1a4c4-57fa-4458-92d6-b01b07135c10,Web Development,2024-01-14,2024-06-15
661638acb9a42e76f265f80d,Garcia and Sons,5c55df0e-abf4-419d-94e3-51c2c129d2a3,Mobile App,2024-02-24,2024-08-05
661638acb9a42e76f265f80e,"Everett, Hamilton and Harrison",be6c998a-c95b-4e5f-828b-603f0f4f0386,Mobile App,2024-01-23,2024-07-09
661638acb9a42e76f265f80f,White Ltd,dc3cd153-27b7-4bf3-97d6-37811f36ad63,AI/ML,2024-02-01,2024-06-16
661638acb9a42e76f265f810,"Hoover, Clark and Tate",b7285cec-002f-4797-b313-f6c45dd0c23a,Mobile App,2024-02-05,2024-07-21
661638acb9a42e76f265f811,Osborne-Rivera,12b94fdc-e7e8-4916-aedd-7fe6acc776f6,Web Development,2024-01-24,2024-07-21
661638acb9a42e76f265f812,Hurley PLC,c3fc0f11-5d04-4675-a8b9-6044c260bbd9,Web Development,2024-01-12,2024-07-31
661638acb9a42e76f265f813,"Small, Allen and Trujillo",d4afb154-0d42-42cb-a97b-82eb63aa1142,Mobile App,2024-01-12,2024-06-09
661638acb9a42e76f265f814,Stephens-Gates,1c1566ac-5a10-4ebd-812a-de5598107d84,AI/ML,2024-01-13,2024-07-20
661638acb9a42e76f265f815,Ward PLC,13f42883-49a6-4def-ada6-e52d1f18bdb4,AI/ML,2024-02-19,2024-08-01
661638acb9a42e76f265f816,"Johnson, Fox and Cohen",27b1acaf-0fe0-4962-ae14-691cfaf52e36,Mobile App,2024-02-15,2024-06-20
661638acb9a42e76f265f817,"Glass, Mcdonald and Hickman",82f81324-fe6d-4e4f-a684-d1303db2c07f,Web Development,2024-01-22,2024-06-20
661638acb9a42e76f265f818,Gibson-Weber,4c46f8df-78ab-46ad-8974-6ebe0f5ea955,AI/ML,2024-02-24,2024-07-10
661638acb9a42e76f265f819,Bautista Group,0896f5eb-76a5-4712-91f6-355f8d75c83f,AI/ML,2024-01-15,2024-06-14
661638acb9a42e76f265f81a,"Frazier, Kelley and Tucker",4644b234-a126-4a0f-b010-75c3e88887c1,Data Science,2024-02-23,2024-08-04
661638acb9a42e76f265f81b,Fisher-Wang,243497a6-edc5-430a-9ec2-1569fde26d89,Mobile App,2024-03-04,2024-06-11
661638acb9a42e76f265f81c,Kennedy and Sons,8f48ee5a-2349-4312-b197-56403d4005ca,Data Science,2024-02-24,2024-07-03
661638acb9a42e76f265f81d,Blackburn Group,7fe9df5d-dd4d-415f-95a0-bc33d9afd9f4,Mobile App,2024-01-23,2024-06-09
661638acb9a42e76f265f81e,Ortiz Ltd,500c8110-227c-4c87-bcd0-c2ca7781553c,Web Development,2024-02-17,2024-07-01
661638acb9a42e76f265f81f,Barnett-Young,5ede8014-9660-4964-b8f4-1a91fff450c7,Web Development,2024-03-03,2024-06-29
661638acb9a42e76f265f820,Green-Berg,d136f2f9-3559-45c4-949e-3d7e64e90483,Web Development,2024-02-19,2024-07-11
661638acb9a42e76f265f821,Hall-Wright,1cfd79a8-dda6-4871-9596-f4ff2650a0dc,Web Development,2024-01-30,2024-08-04
661638acb9a42e76f265f822,"Rivas, Duffy and Cunningham",dee299b3-41d4-45af-8fcc-89e82e829c66,Web Development,2024-02-22,2024-07-25
661638acb9a42e76f265f823,Burton Ltd,dc1d428b-d056-45ea-bcfb-b5b8f7c1d41f,Data Science,2024-02-03,2024-07-01
661638acb9a42e76f265f824,Cowan-Olsen,47a274a6-b14e-4e09-a83e-3fbbca101580,Web Development,2024-02-27,2024-07-02
661638acb9a42e76f265f825,"Rodriguez, Davis and Hall",25415dcd-881d-4155-8f19-b167127474ee,Data Science,2024-02-01,2024-06-19
661638acb9a42e76f265f826,Peterson-Stokes,ae50493e-d563-4269-becd-694b2d613e0e,Data Science,2024-03-10,2024-06-16
661638acb9a42e76f265f827,"Weber, Liu and Williams",f55e50de-4e15-49f7-9d45-83fca6747d41,Data Science,2024-03-10,2024-07-26
661638acb9a42e76f265f828,Gomez-Carter,33998d97-84f2-4b45-b5c3-0c3174eb5fb0,Data Science,2024-02-01,2024-08-01
661638acb9a42e76f265f829,Meyers Group,3fc7e81b-0482-4c93-bc60-e6fa5114a4d7,Data Science,2024-02-24,2024-06-22
661638acb9a42e76f265f82a,"Tucker, Price and Snow",06608ff8-7f78-433e-87c2-7abde287d706,AI/ML,2024-03-02,2024-08-08
661638acb9a42e76f265f82b,Brown-Fox,ccbc0365-6086-44d1-8461-d1ea7ca06ecd,Web Development,2024-02-21,2024-06-13
661638acb9a42e76f265f82c,Jones LLC,30e5aa8f-06c6-4c3e-b188-1c58b2203dc1,Data Science,2024-01-20,2024-07-01
661638acb9a42e76f265f82d,Wright LLC,dceaa484-80fa-4ce3-9a4c-70a5148ad6cf,Data Science,2024-01-17,2024-07-13
661638acb9a42e76f265f82e,Neal Group,05185ce2-8f60-4b56-8eef-c5a221f4e56e,Web Development,2024-01-11,2024-07-01
661638acb9a42e76f265f82f,Pena-Black,90f2135f-8a0c-4f02-a6c3-614311812f48,AI/ML,2024-01-27,2024-07-15
661638acb9a42e76f265f830,Hall and Sons,dd761bf6-8a62-4f6c-b4bc-a466183dd750,Data Science,2024-02-19,2024-08-08
661638acb9a42e76f265f831,Macdonald Ltd,aa037d4e-f004-4c58-9df8-5a9d38c6a6f7,Web Development,2024-02-23,2024-07-02
661638acb9a42e76f265f832,"Powell, Gonzales and Davila",bb5ef25f-8896-4c2b-9be4-50f927abe2ac,Data Science,2024-01-11,2024-06-11
661638acb9a42e76f265f833,"Rodriguez, Cook and Bryant",5caa0012-b195-4cad-9933-fc1c5deda8ff,Web Development,2024-02-20,2024-08-02
661638acb9a42e76f265f834,Klein-Mccormick,f3548d07-3ac6-4510-9e8d-076dd71505e7,Data Science,2024-02-25,2024-07-17
661638acb9a42e76f265f835,Sellers-Bryan,030a4db8-04c5-4db3-a35a-06c9010f2154,AI/ML,2024-01-14,2024-07-10
661638acb9a42e76f265f836,Hernandez Group,cfce56de-2f89-4f45-8593-32e935c99a9f,Web Development,2024-01-25,2024-06-22
661638acb9a42e76f265f837,Carr Ltd,f9ddaaf4-69c0-42eb-b7a4-91ff6b87546a,Mobile App,2024-02-14,2024-06-18
661638acb9a42e76f265f838,Johnson-Hernandez,55d792d5-4538-4385-8012-89f63441fdf8,Web Development,2024-02-14,2024-07-27
661638acb9a42e76f265f839,Bray-Ramirez,9ef78698-14a0-4046-bfea-da058224a095,Data Science,2024-02-28,2024-07-07
661638acb9a42e76f265f83a,"Lane, Galloway and Hansen",cbff4c4a-78c3-4428-8f7a-95031c643449,Web Development,2024-03-05,2024-06-10
661638acb9a42e76f265f83b,White and Sons,c9787064-9e75-4657-b099-0eeab785d1e2,Mobile App,2024-02-26,2024-06-29
661638acb9a42e76f265f83c,Johnson-Waters,4a61ec88-9744-4a2e-93c3-53dc449ebe44,Data Science,2024-03-06,2024-06-13
661638acb9a42e76f265f83d,"Brown, Cantrell and Hall",1a787833-4311-419d-83cf-f887f96c5938,Data Science,2024-02-10,2024-06-23
661638acb9a42e76f265f83e,Hudson Inc,8b12023b-ee9b-44d9-bdb9-92a991d08a7e,Web Development,2024-02-27,2024-08-01
661638acb9a42e76f265f83f,Thomas Ltd,abe41677-36c2-430c-82b0-30c72346c453,AI/ML,2024-01-12,2024-07-13
661638acb9a42e76f265f840,Martin-Duran,7f13de5f-b7d7-4442-ac81-6e4cdfee3276,Data Science,2024-02-16,2024-07-12
661638acb9a42e76f265f841,"Bradshaw, Blackburn and Nunez",02325da4-8ab0-40d2-a89c-dad36f5215cd,AI/ML,2024-01-17,2024-07-17
661638acb9a42e76f265f842,Alvarez and Sons,4e6c730a-2e30-479d-b86a-ed174237c018,Web Development,2024-02-19,2024-06-09
661638acb9a42e76f265f843,Walker Inc,111ca37a-f1e1-4257-b378-577547c77a4e,Mobile App,2024-01-11,2024-06-17
661638acb9a42e76f265f844,"Long, Hartman and Hardy",3a06427b-3053-496a-831f-9855b90ef543,Mobile App,2024-03-08,2024-08-03
661638acb9a42e76f265f845,"Richardson, Swanson and Wilson",f0b4b30e-a5bd-42b1-a4d8-a013617368a5,AI/ML,2024-01-18,2024-08-01
661638acb9a42e76f265f846,Holloway and Sons,660571d6-7b72-4c57-bf68-9204c7c6a318,Data Science,2024-03-04,2024-07-31
661638acb9a42e76f265f847,"Mendez, Mcfarland and Case",10e7c858-9cab-4c61-aacc-f2e1beaacb3c,Mobile App,2024-01-22,2024-06-25
661638acb9a42e76f265f848,"Page, Zavala and Trujillo",3030a7d6-fe10-4bed-92de-88cf22567258,Data Science,2024-03-02,2024-06-13
661638acb9a42e76f265f849,Mills Ltd,8944b48c-e041-4c1f-ae4f-fbf9adef5304,AI/ML,2024-02-09,2024-08-02
661638acb9a42e76f265f84a,"Dunn, Benitez and Vega",c7ba29da-c822-484b-9926-6cb3e5e85fdc,Web Development,2024-01-21,2024-08-07
661638acb9a42e76f265f84b,Lopez Group,e38a9ede-1547-4437-ac48-94fadbff8eb8,Data Science,2024-02-18,2024-07-08
661638acb9a42e76f265f84c,Mitchell Inc,ae57a6f7-293d-4fc1-8614-74f134dfb523,Web Development,2024-03-11,2024-07-31
661638acb9a42e76f265f84d,Nelson LLC,caf59fbc-31b0-4ca1-8a33-13241d40f284,Mobile App,2024-02-25,2024-06-10
661638acb9a42e76f265f84e,Thomas-Green,00e16eb4-56be-417e-a491-1fca9dcc2d3b,Mobile App,2024-02-01,2024-07-21
661638acb9a42e76f265f84f,Galvan Group,98ef1cc3-1fb4-4b91-a4ec-c7ea627ee6fd,Data Science,2024-02-18,2024-07-21
661638acb9a42e76f265f850,"Williams, Lewis and Bradley",d9267aa2-0534-4715-a17d-0cf6f58fb18b,AI/ML,2024-01-18,2024-07-31
661638acb9a42e76f265f851,Rodriguez Group,c7f2e61e-fc07-4933-88a7-3f250bf02b03,Web Development,2024-02-09,2024-07-24
661638acb9a42e76f265f852,Conrad PLC,105de9f7-953b-406c-a711-090c6803816f,Data Science,2024-02-01,2024-07-25
661638acb9a42e76f265f853,Allen-Craig,50e07a3a-4675-4064-8167-f85d2c1a5ca1,Mobile App,2024-02-23,2024-07-11
661638acb9a42e76f265f854,"Young, Hale and Bates",6b845c30-3c8c-437e-b710-429256639188,AI/ML,2024-01-31,2024-08-03
661638acb9a42e76f265f855,"Harmon, Brown and Johnson",19fad4bc-feae-498c-b64b-cb473ee1622e,Mobile App,2024-01-14,2024-07-11
661638acb9a42e76f265f856,Jones-Stephens,8aa11543-4ebf-4e34-a1a2-e4ad30d62f1c,Data Science,2024-01-30,2024-08-01
661638acb9a42e76f265f857,Bird-Hammond,d25ee1a8-aa77-4f9e-9eb8-21865bb96907,Data Science,2024-02-03,2024-07-16
661638acb9a42e76f265f858,"White, Romero and Martinez",61b15af8-a952-465a-842d-cd9cf25288ef,Web Development,2024-01-12,2024-07-12
661638acb9a42e76f265f859,"Green, Graves and Brennan",352a8b7c-97f5-45e4-a804-4e7305f9f917,Web Development,2024-01-28,2024-07-02
661638acb9a42e76f265f85a,"Armstrong, Hamilton and Wolfe",7ea09975-34b4-4bb5-b99f-4df891aaeff6,AI/ML,2024-01-13,2024-07-02
661638acb9a42e76f265f85b,"Nunez, Hunt and Figueroa",22aeb071-6f4d-47a2-8745-d882acb0f232,Mobile App,2024-01-29,2024-06-27
661638acb9a42e76f265f85c,Collins Group,4bf7564d-aceb-4580-b2d6-3afa63c19a3f,Data Science,2024-01-26,2024-06-17
661638acb9a42e76f265f85d,Gomez PLC,04024ae6-e74e-4176-aa6e-55c9f3d408a6,Web Development,2024-01-12,2024-07-23
661638acb9a42e76f265f85e,Stark Inc,7e206e8c-db60-466f-bb2a-47bdc04cacc0,Mobile App,2024-03-11,2024-06-15
661638acb9a42e76f265f85f,Davis-Ryan,c65e60c3-c5d5-41ce-8aa3-1eac886ac225,AI/ML,2024-01-21,2024-06-23
661638acb9a42e76f265f860,"Bailey, Thompson and Hernandez",061c4cb3-ff88-4978-bb88-87c4e73b6eb6,Web Development,2024-03-06,2024-07-02
661638acb9a42e76f265f861,Simon-Hodge,3f9a3a79-c391-4371-ae30-1dca967977c9,Data Science,2024-01-11,2024-07-31
661638acb9a42e76f265f862,"Rodriguez, Nelson and Terry",8548d27d-d8db-48af-adb5-6876afc8ba49,AI/ML,2024-03-07,2024-07-18
661638acb9a42e76f265f863,"Rocha, Payne and Salazar",686d5d11-9655-4c18-b670-344c8748d1e1,Data Science,2024-02-05,2024-07-08
661638acb9a42e76f265f864,Stewart-Coleman,ffc29646-0edb-41af-83bf-cd78cbe9a3c8,Mobile App,2024-01-20,2024-07-14
661638acb9a42e76f265f865,"Robinson, Cunningham and Taylor",dfb7a1be-48ed-4ce6-9ffb-aa00a8d2be39,AI/ML,2024-01-31,2024-07-13
661638acb9a42e76f265f866,Anderson and Sons,ff76ba15-2ce6-4d06-af8e-a3b50ff86e5a,Data Science,2024-01-11,2024-07-10
661638acb9a42e76f265f867,"Jackson, Pearson and Cohen",e190ee40-22fc-462d-9c17-02d9c9a46ea7,Web Development,2024-01-11,2024-07-18
661638acb9a42e76f265f868,"Watkins, Deleon and Davis",8ebda221-30be-4f4d-b721-7c8fe3783b89,Data Science,2024-02-17,2024-07-07
661638acb9a42e76f265f869,Russell-Vasquez,e421afbb-37f5-41de-a87d-9797026977f9,Mobile App,2024-01-28,2024-07-27
661638acb9a42e76f265f86a,Smith LLC,ccde9176-0fe3-46f7-b78e-4ee64c0082b5,Mobile App,2024-01-16,2024-06-16
661638acb9a42e76f265f86b,Morris-Alvarado,97e3cf89-664b-47f6-ab0e-c8ede9ee17f8,Web Development,2024-01-17,2024-07-02
661638acb9a42e76f265f86c,Brewer-Gilbert,c1b76fdf-ca2b-4d88-9596-9817838adfd5,Web Development,2024-02-28,2024-07-21
661638acb9a42e76f265f86d,Johnson Group,e3b10efe-1657-463a-8dc2-bfbdf5ebd863,Data Science,2024-02-22,2024-06-19
661638acb9a42e76f265f86e,Armstrong Ltd,45d42611-6142-4b72-95ce-e2bfc4bb65f0,Data Science,2024-01-15,2024-06-19
661638acb9a42e76f265f86f,Perez PLC,cdd14d95-cbd3-4a72-948d-38f5a83620ce,Data Science,2024-03-10,2024-06-25
661638acb9a42e76f265f870,"Cohen, Smith and Horton",34fe4589-277b-44f5-a188-2d4ba50a3081,AI/ML,2024-03-03,2024-07-25
661638acb9a42e76f265f871,Strickland LLC,b8c0c89c-8528-462a-9651-69ab90537e80,Web Development,2024-01-24,2024-07-18
661638acb9a42e76f265f872,Smith-Gonzalez,3436ea1c-9c8f-4154-9fbb-5a1792724b26,AI/ML,2024-01-16,2024-06-14
661638acb9a42e76f265f873,Diaz LLC,5bc4392e-4029-487d-be67-c6b7379076be,Web Development,2024-02-03,2024-06-09
661638acb9a42e76f265f874,Washington and Sons,b0c69922-4251-4b20-91d8-8fb61365d167,Mobile App,2024-02-27,2024-06-23
661638acb9a42e76f265f875,Robertson-Good,9fe1db6d-a5b7-41a3-99a1-671682aef55c,Mobile App,2024-01-11,2024-06-13
661638acb9a42e76f265f876,Castillo Group,b6cea08b-63dc-4de9-b7ad-aca8c377f7e7,AI/ML,2024-03-03,2024-06-22
661638acb9a42e76f265f877,Montgomery-Mullen,6210df39-0f6f-40ab-b2e5-b70e1cd07b62,Web Development,2024-01-30,2024-06-29
661638acb9a42e76f265f878,Wong-Woods,eeea2713-d4b5-4f73-bfe2-c8dee4918933,AI/ML,2024-01-13,2024-07-16
661638acb9a42e76f265f879,"Smith, Garcia and Spencer",ee266232-7004-4cca-b4a2-f227fb1f258a,Data Science,2024-02-07,2024-07-03
661638acb9a42e76f265f87a,Ward Inc,8d2fcd9d-7f76-45ca-99dd-9c3074ff6c94,AI/ML,2024-02-13,2024-08-02
661638acb9a42e76f265f87b,"Fleming, Garcia and Gonzalez",1669958c-8e49-42d4-834c-68b23f3cb4d1,AI/ML,2024-01-28,2024-08-03
661638acb9a42e76f265f87c,Young-Smith,54aca366-5189-4d77-a9d5-1273e7bc08d6,Web Development,2024-02-07,2024-07-18
661638acb9a42e76f265f87d,"Chaney, Palmer and Tate",d94e84dc-78bf-470d-9431-5130ed2d8ee0,Data Science,2024-01-26,2024-06-30
661638acb9a42e76f265f87e,Chavez Group,03848735-83ad-4304-9ced-512562658e5f,AI/ML,2024-02-27,2024-07-07
661638acb9a42e76f265f87f,"Thomas, Crawford and Rhodes",45d52bad-ac32-4757-95f4-c985889d707e,Data Science,2024-01-30,2024-06-19
661638acb9a42e76f265f880,Chapman PLC,173f9e06-4039-444e-82f0-787223f185a5,Mobile App,2024-02-08,2024-07-10
661638acb9a42e76f265f881,"Walsh, Thompson and Beard",c6243370-d248-40b6-b608-d164f420348d,AI/ML,2024-02-19,2024-07-17
661638acb9a42e76f265f882,"Wheeler, Rich and Johnson",ec791af5-53d6-4847-8f41-47655d80d48e,Mobile App,2024-02-15,2024-06-10
661638acb9a42e76f265f883,"Dodson, Jones and Brown",599e114f-e59a-48fc-866f-0e0fd0530d71,Mobile App,2024-01-16,2024-08-03
661638acb9a42e76f265f884,"Smith, Roberson and Thompson",9f6053dc-9b80-4e5a-b4c4-a696dcf89d53,Data Science,2024-02-29,2024-08-07
661638acb9a42e76f265f885,Winters-Jacobs,12e3570e-ab0a-4432-8249-8f00d4006e14,AI/ML,2024-01-27,2024-06-25
